A1,A2,South,A Street
A2,A3,South,A Street
A2,B2,East,2nd Avenue
A3,A4,South,A Street
A4,A5,South,A Street
A4,B4,East,4th Avenue
A5,A6,South,A Street
A6,A7,South,A Street
A6,B6,East,6th Avenue
A7,NA,NA,NA
B1,A1,West,1st Avenue
B2,B1,North,B Street
B2,A2,West,2nd Avenue
B2,C2,East,2nd Avenue
B3,B2,North,B Street
B3,A3,West,3rd Avenue
B4,B3,North,B Street
B4,C4,East,4th Avenue
B5,B4,North,B Street
B5,A5,West,5th Avenue
B6,B5,North,B Street
B6,A6,West,6th Avenue
B6,C6,East,6th Avenue
B7,B6,North,B Street
B7,A7,West,7th Avenue
C1,C2,South,C Street
C1,B1,West,1st Avenue
C2,C3,South,C Street
C2,B2,West,2nd Avenue
C2,D2,East,2nd Avenue
C3,C4,South,C Street
C3,B3,West,3rd Avenue
C4,C5,South,C Street
C4,D4,East,4th Avenue
C5,C6,South,C Street
C5,B5,West,5th Avenue
C6,C7,South,C Street
C6,B6,West,6th Avenue
C6,D6,East,6th Avenue
C7,B7,West,7th Avenue
D1,D2,South,D Street
D1,C1,West,1st Avenue
D2,D1,North,D Street
D2,D3,South,D Street
D2,C2,West,2nd Avenue
D2,E2,East,2nd Avenue
D3,D2,North,D Street
D3,D4,South,D Street
D3,C3,West,3rd Avenue
D4,D3,North,D Street
D4,D5,South,D Street
D4,E5,East,4th Avenue
D5,D4,North,D Street
D5,D6,South,D Street
D5,C5,West,5th Avenue
D6,D5,North,D Street
D6,D7,South,D Street
D6,C6,West,6th Avenue
D6,E6,East,6th Avenue
D7,D6,North,D Street
D7,C7,West,7th Avenue
E1,E2,South,E Street
E1,D1,West,1st Avenue
E2,E3,South,E Street
E2,D2,West,2nd Avenue
E2,F2,East,2nd Avenue
E3,E4,South,E Street
E3,D3,West,3rd Avenue
E4,E5,South,E Street
E4,F4,East,4th Avenue
E5,E6,South,E Street
E5,D5,West,5th Avenue
E6,E7,South,E Street
E6,D6,West,6th Avenue
E6,F6,East,6th Avenue
E7,D7,West,7th Avenue
F1,E1,West,1st Avenue
F2,F1,North,F Street
F2,E2,West,2nd Avenue
F2,G2,East,2nd Avenue
F3,F2,North,F Street
F3,E3,West,3rd Avenue
F4,F3,North,F Street
F4,G4,East,4th Avenue
F5,F4,North,F Street
F5,E5,West,5th Avenue
F6,F5,North,F Street
F6,E6,West,6th Avenue
F6,G6,East,6th Avenue
F7,F6,North,F Street
F7,E7,West,7th Avenue
G1,G2,South,G Street
G1,F1,West,1st Avenue
G2,G3,South,G Street
G2,F2,West,2nd Avenue
G3,G4,South,G Street
G3,F3,West,3rd Avenue
G4,G5,South,G Street
G5,G6,South,G Street
G5,F5,West,5th Avenue
G6,G7,South,G Street
G6,F6,West,6th Avenue
G7,F7,West,7th Avenue
